id;tranfer_date;comment;is_approved;is_recieved;status;free_field_1;free_field_2;last_modified;last_modified_by
1;2022-03-03T07:13:17;models;false;true;REQUESTED;monitor;robust cyan;2022-03-02T13:11:32;Ball Granite
2;2022-03-02T13:28:01;mobile implement;false;true;APPROVED;European Sri;Avon;2022-03-02T11:05:37;open-source Baby target
3;2022-03-02T11:18:53;Harbors gold Tactics;true;true;APPROVED;drive transmitter auxiliary;Springs;2022-03-03T00:32:39;Cotton
4;2022-03-02T20:41:52;Supervisor Borders installation;true;false;COMPLETED;synthesizing;Soft Soft;2022-03-02T18:53:50;Public-key
5;2022-03-03T08:37:46;Granite;false;true;COMPLETED;Oregon;Anguilla;2022-03-02T23:04:40;d'Ivoire Metal West
6;2022-03-02T10:33:04;Corporate Salvador deposit;false;true;APPROVED;supply-chains Cheese;Developer Customer;2022-03-02T19:36:09;Refined
7;2022-03-02T21:29:16;projection static magenta;true;false;RECEIVED;Home Officer Metal;violet withdrawal;2022-03-03T02:23:24;Walk Technician Refined
8;2022-03-02T13:42:43;Forks;true;false;COMPLETED;analyzing;deposit Books;2022-03-02T18:42:38;Mauritius Handcrafted
9;2022-03-03T02:53:34;Senior Garden;false;true;COMPLETED;turquoise disintermediate Monaco;synthesize Orchestrator;2022-03-02T10:48:26;back Steel
10;2022-03-02T12:47:29;Paradigm;true;false;RECEIVED;Rustic;bandwidth IB;2022-03-03T04:40:41;policy Synchronised
