id;approval_date;qty_requested;qty_approved;comment;free_field_1;free_field_2;last_modified;last_modified_by;is_deleted;is_active
1;2022-03-03T00:01:11;2217;29847;Checking (Slovak Auto;edge;Product Arkansas;2022-03-03T04:50:04;open-source;false;true
2;2022-03-02T11:15:43;96097;73054;Music Global Bacon;primary;back-end deploy Account;2022-03-03T08:05:18;Card;true;true
3;2022-03-02T13:05:13;43919;10866;conglomeration;Berkshire International;matrix Coordinator back-end;2022-03-03T07:35:37;Bedfordshire;false;true
4;2022-03-03T07:04:28;87343;22259;invoice reboot invoice;Virginia;Greenland Sausages Bedfordshire;2022-03-03T03:27:16;back-end Pennsylvania Paradigm;false;true
5;2022-03-02T15:39:09;96195;54349;Coordinator;Ranch;Guam invoice Avon;2022-03-03T08:14:01;intuitive;false;false
6;2022-03-03T00:18:23;26369;67581;Pants connect deposit;calculate payment Refined;optical;2022-03-02T18:07:26;Liaison tertiary Shirt;true;true
7;2022-03-02T18:31:32;21409;64262;pink Creative;high-level;Soap;2022-03-02T11:11:53;Nebraska;false;false
8;2022-03-03T06:27:41;85762;96923;Soft PNG Generic;Factors Executive;Buckinghamshire;2022-03-03T08:13:42;Prairie;true;true
9;2022-03-03T10:16:31;93301;52088;Applications Focused Tactics;compelling Functionality payment;Auto;2022-03-03T03:53:14;eyeballs Berkshire transmit;false;true
10;2022-03-03T00:14:55;58831;71085;Buckinghamshire HDD channels;Walks Rubber;microchip copying;2022-03-02T17:41:03;Practical program;true;true
